{
  "$schema": "https://schemas.botframework.com/schemas/skills/skill-manifest-2.0.0.json",
  "$id": "BackendSkillBot",
  "name": "Echo Skill bot",
  "version": "1.0",
  "description": "This is a sample echo skill",
  "publisherName": "Microsoft",
  "privacyUrl": "https://0f45a4d621d5.ngrok.io/privacy.html",
  "copyright": "Copyright (c) Microsoft Corporation. All rights reserved.",
  "license": "",
  "iconUrl": "https://0f45a4d621d5.ngrok.io/icon.png",
  "tags": [
    "sample",
    "echo"
  ],
  "endpoints": [
    {
      "name": "default",
      "protocol": "BotFrameworkV3",
      "description": "Default endpoint for the skill",
      "endpointUrl": "https://0f45a4d621d5.ngrok.io/api/messages",
      "msAppId": "7b710d4c-23bc-4859-a76a-35b9e88b459e"
    }
  ]
}